Megan;Cook;"94665 Taylor Mountains Suite 523
New James, MA 47929"
Mary;Morgan;"4416 Crystal Prairie
East Joshuaville, MP 87930"
Robert;Cardenas;"23088 Frank Turnpike
South Deborah, AZ 53696"
Hannah;Reyes;"PSC 1043, Box 6161
APO AA 22159"
Samantha;Kennedy;"5985 Donald Ranch Suite 745
New Brentmouth, NV 85672"
Dustin;Ellis;"18801 Kari Summit Suite 948
Port Tyler, AS 15172"
Gloria;Lewis;"046 Boone Court
Alexahaven, WA 29703"
Angela;Cannon;"1721 Hunt Roads Suite 753
East Johnstad, WI 13178"
Kaitlyn;Walker;"502 Shane Mall
Jacobfort, CO 57016"
Douglas;Ellis;"1859 Robinson Alley
West Jamesview, MS 88236"
Matthew;Hall;"6862 Gilbert Mission Apt. 721
Lake Francisco, AS 67711"
Nicholas;Murphy;"66971 Hall Mews
New Kimberlystad, TN 30716"
Suzanne;Anthony;"USNV Salinas
FPO AP 29216"
Kevin;Smith;"79810 Ellis Trafficway Suite 588
Brownmouth, CO 89954"
Nathan;Woods;"543 Rachel Manor Suite 835
Allenmouth, RI 29019"
Belinda;Bryant;"100 Catherine Row
Lake Rachel, MH 02439"
Heather;Martinez;"280 Davis Spur Suite 692
Port Tammyfurt, PA 00756"
Manuel;Shannon;"5419 Jacob Prairie Suite 347
South Catherinehaven, VI 69673"
Aaron;Howard;"86214 Mclean Village Apt. 112
New Holly, OH 63750"
Patrick;Gonzalez;"124 Cody Trail Apt. 326
Joshualand, OH 68653"
Jenny;Murphy;"USS Phillips
FPO AP 62527"
Richard;Welch;"49657 Anderson Manors Suite 834
West Alexandramouth, WY 12516"
Olivia;Thornton;"43214 Emma Turnpike
North Cole, OR 45718"
Paul;Thomas;"1605 Huff Club
East Pattyberg, AL 98381"
Joanna;Simpson;"77861 Wood Shores Apt. 784
Port Nicoleborough, MP 72861"
Rachel;Wilson;"48375 Rivera Fork
Peterstad, WV 86145"
James;Bryant;"Unit 1101 Box 4518
DPO AP 29352"
Andre;Gonzalez;"3502 Green Trafficway
Ibarraville, DC 89590"
Richard;Lewis;"33455 Jeffrey Well Suite 870
West Jonport, VA 81968"
Tracie;West;"4784 Phillips Avenue
Wardbury, MN 18131"
Robert;Lewis;"7311 Brian Court Suite 415
Sanchezmouth, HI 85358"
Neil;Gonzalez;"90645 Melissa River
Clarkton, PA 47745"
Tonya;Austin;"91770 Joshua Extension
Joneschester, IN 62267"
Alvin;Bishop;"10130 Silva Highway
West Ellen, VA 21890"
Shannon;Simon;"939 Berger Summit
North Janet, DC 66049"
Brian;Day;"71441 Walker Highway Apt. 638
New Aaronshire, WV 66004"
Katherine;Riggs;"826 Greene Creek
Neilside, FL 99867"
Christina;Hanson;"USS Everett
FPO AA 75839"
Victor;Moore;"8566 Martin Dam Suite 468
Brendashire, NV 59264"
Jonathan;Hodge;"825 Wise Flats
North Angelica, KS 78999"
Erin;Bennett;"07140 Stafford Parkways Apt. 553
North Craigfurt, IN 72832"
Jenny;Smith;"273 Christina Courts
West Janet, MI 11869"
Michael;Thomas;"6039 Luis Causeway Apt. 411
Hollyburgh, DE 17091"
Sarah;Acosta;"7085 Franklin Knoll
Jefferyberg, WY 39245"
Wayne;Schmidt;"2412 Yang Radial
Andersonland, KS 10448"
Jade;Bryant;"81053 Black Alley
Matthewhaven, PR 77948"
Brenda;Garcia;"6423 Angela Views
Lake Shawn, NE 41358"
Ronnie;Burton;"Unit 3534 Box 1563
DPO AA 42655"
David;Campbell;"5917 Karen Key
Barbaraville, OK 47145"
Bryce;Christensen;"168 Peterson Streets
Lake Christopher, LA 30415"
